{
  "summary": {
    "timestamp": "2025-07-24T15:21:23.688447",
    "dataset": "519 products, 53 queries",
    "approaches_tested": 4
  },
  "performance_summary": {
    "miniLM_semantic": {
      "hits_at_1": 0.9622641509433962,
      "hits_at_5": 0.9811320754716981,
      "hits_at_10": 0.9811320754716981,
      "mrr": 0.9716981132075472,
      "query_time_s": 0.062322807312011716
    },
    "miniLM_hybrid": {
      "hits_at_1": 0.9622641509433962,
      "hits_at_5": 0.9811320754716981,
      "hits_at_10": 0.9811320754716981,
      "mrr": 0.9716981132075472,
      "query_time_s": 0.017769241333007814
    },
    "mpnet_semantic": {
      "hits_at_1": 0.9433962264150944,
      "hits_at_5": 0.9811320754716981,
      "hits_at_10": 1.0,
      "mrr": 0.9618149146451034,
      "query_time_s": 0.053804540634155275
    },
    "mpnet_hybrid": {
      "hits_at_1": 1.0,
      "hits_at_5": 1.0,
      "hits_at_10": 1.0,
      "mrr": 1.0,
      "query_time_s": 0.04474377632141113
    }
  },
  "recommendations": {
    "best_accuracy": "mpnet_hybrid",
    "best_speed": "miniLM_hybrid",
    "recommended_balanced": "miniLM_semantic",
    "recommended_accuracy": "mpnet_hybrid",
    "hybrid_boost_miniLM": 0.0,
    "hybrid_boost_mpnet": 0.05660377358490565
  }
}