Method,HITS@1,HITS@5,HITS@10,MRR
TF-IDF,0.8490566037735849,0.9056603773584906,0.9433962264150944,0.8688903863432165
Simple Cosine,0.9811320754716981,0.9811320754716981,0.9811320754716981,0.9811320754716981
LanceDB,0.9811320754716981,0.9811320754716981,0.9811320754716981,0.9811320754716981
